financial_year,actual_revised_estimated,ministry,number
1997,Actual,Attorney-General's Chambers,185.0
1998,Actual,Attorney-General's Chambers,212.0
1999,Actual,Attorney-General's Chambers,209.0
2000,Actual,Attorney-General's Chambers,212.0
2001,Actual,Attorney-General's Chambers,255.0
2002,Actual,Attorney-General's Chambers,276.0
2003,Actual,Attorney-General's Chambers,282.0
2004,Actual,Attorney-General's Chambers,274.0
2005,Actual,Attorney-General's Chambers,270.0
2006,Actual,Attorney-General's Chambers,254.0
2007,Actual,Attorney-General's Chambers,253.0
2008,Actual,Attorney-General's Chambers,267.0
2009,Actual,Attorney-General's Chambers,338.0
2010,Actual,Attorney-General's Chambers,355.0
2011,Actual,Attorney-General's Chambers,417.0
2012,Actual,Attorney-General's Chambers,478.0
2013,Actual,Attorney-General's Chambers,534.0
2014,Actual,Attorney-General's Chambers,550.0
2015,Actual,Attorney-General's Chambers,558.0
2016,Actual,Attorney-General's Chambers,565.0
2017,Actual,Attorney-General's Chambers,580.0
2018,Actual,Attorney-General's Chambers,607.0
2019,Actual,Attorney-General's Chambers,634.0
2020,Revised,Attorney-General's Chambers,665.0
2021,Estimated,Attorney-General's Chambers,666.0
1997,Actual,Auditor-General's Office,181.0
1998,Actual,Auditor-General's Office,178.0
1999,Actual,Auditor-General's Office,167.0
2000,Actual,Auditor-General's Office,150.0
2001,Actual,Auditor-General's Office,163.0
2002,Actual,Auditor-General's Office,157.0
2003,Actual,Auditor-General's Office,146.0
2004,Actual,Auditor-General's Office,127.0
2005,Actual,Auditor-General's Office,112.0
2006,Actual,Auditor-General's Office,103.0
2007,Actual,Auditor-General's Office,104.0
2008,Actual,Auditor-General's Office,114.0
2009,Actual,Auditor-General's Office,145.0
2010,Actual,Auditor-General's Office,159.0
2011,Actual,Auditor-General's Office,159.0
2012,Actual,Auditor-General's Office,172.0
2013,Actual,Auditor-General's Office,169.0
2014,Actual,Auditor-General's Office,171.0
2015,Actual,Auditor-General's Office,181.0
2016,Actual,Auditor-General's Office,188.0
2017,Actual,Auditor-General's Office,185.0
2018,Actual,Auditor-General's Office,186.0
2019,Actual,Auditor-General's Office,190.0
2020,Revised,Auditor-General's Office,206.0
2021,Estimated,Auditor-General's Office,206.0
1997,Actual,Cabinet Office,12.0
1998,Actual,Cabinet Office,12.0
1999,Actual,Cabinet Office,11.0
2000,Actual,Cabinet Office,11.0
2001,Actual,Cabinet Office,10.0
2002,Actual,Cabinet Office,10.0
2003,Actual,Cabinet Office,10.0
2004,Actual,Cabinet Office,10.0
2005,Actual,Cabinet Office,10.0
2006,Actual,Cabinet Office,10.0
2007,Actual,Cabinet Office,11.0
2008,Actual,Cabinet Office,11.0
2009,Actual,Cabinet Office,12.0
2010,Actual,Cabinet Office,11.0
2011,Actual,Cabinet Office,10.0
2012,Actual,Cabinet Office,10.0
2013,Actual,Cabinet Office,10.0
2014,Actual,Cabinet Office,11.0
2015,Actual,Cabinet Office,10.0
2016,Actual,Cabinet Office,11.0
2017,Actual,Cabinet Office,11.0
2018,Actual,Cabinet Office,11.0
2019,Actual,Cabinet Office,10.0
2020,Revised,Cabinet Office,10.0
2021,Estimated,Cabinet Office,12.0
1997,Actual,Civil List,44.0
1998,Actual,Civil List,47.0
1999,Actual,Civil List,45.0
2000,Actual,Civil List,45.0
2001,Actual,Civil List,50.0
2002,Actual,Civil List,47.0
2003,Actual,Civil List,51.0
2004,Actual,Civil List,53.0
2005,Actual,Civil List,52.0
2006,Actual,Civil List,48.0
2007,Actual,Civil List,53.0
2008,Actual,Civil List,55.0
2009,Actual,Civil List,54.0
2010,Actual,Civil List,53.0
2011,Actual,Civil List,56.0
2012,Actual,Civil List,51.0
2013,Actual,Civil List,52.0
2014,Actual,Civil List,52.0
2015,Actual,Civil List,54.0
2016,Actual,Civil List,51.0
2017,Actual,Civil List,53.0
2018,Actual,Civil List,56.0
2019,Actual,Civil List,59.0
2020,Revised,Civil List,68.0
2021,Estimated,Civil List,69.0
1997,Actual,Communications and Information,1340.0
1998,Actual,Communications and Information,1393.0
1999,Actual,Communications and Information,1405.0
2000,Actual,Communications and Information,1454.0
2001,Actual,Communications and Information,2002.0
2002,Actual,Communications and Information,2058.0
2003,Actual,Communications and Information,2063.0
2004,Actual,Communications and Information,2547.0
2005,Actual,Communications and Information,2530.0
2006,Actual,Communications and Information,2592.0
2007,Actual,Communications and Information,2684.0
2008,Actual,Communications and Information,2869.0
2009,Actual,Communications and Information,2975.0
2010,Actual,Communications and Information,3688.0
2011,Actual,Communications and Information,3863.0
2012,Actual,Communications and Information,3361.0
2013,Actual,Communications and Information,3488.0
2014,Actual,Communications and Information,3605.0
2015,Actual,Communications and Information,3525.0
2016,Actual,Communications and Information,4459.0
2017,Actual,Communications and Information,2473.0
2018,Actual,Communications and Information,2460.0
2019,Actual,Communications and Information,2588.0
2020,Revised,Communications and Information,3092.0
2021,Estimated,Communications and Information,3206.0
1997,Actual,"Culture, Community and Youth",0.0
1998,Actual,"Culture, Community and Youth",0.0
1999,Actual,"Culture, Community and Youth",0.0
2000,Actual,"Culture, Community and Youth",0.0
2001,Actual,"Culture, Community and Youth",0.0
2002,Actual,"Culture, Community and Youth",0.0
2003,Actual,"Culture, Community and Youth",0.0
2004,Actual,"Culture, Community and Youth",0.0
2005,Actual,"Culture, Community and Youth",0.0
2006,Actual,"Culture, Community and Youth",0.0
2007,Actual,"Culture, Community and Youth",0.0
2008,Actual,"Culture, Community and Youth",0.0
2009,Actual,"Culture, Community and Youth",0.0
2010,Actual,"Culture, Community and Youth",0.0
2011,Actual,"Culture, Community and Youth",0.0
2012,Actual,"Culture, Community and Youth",4624.0
2013,Actual,"Culture, Community and Youth",4586.0
2014,Actual,"Culture, Community and Youth",4545.0
2015,Actual,"Culture, Community and Youth",4743.0
2016,Actual,"Culture, Community and Youth",4712.0
2017,Actual,"Culture, Community and Youth",4879.0
2018,Actual,"Culture, Community and Youth",4910.0
2019,Actual,"Culture, Community and Youth",4667.0
2020,Revised,"Culture, Community and Youth",5196.0
2021,Estimated,"Culture, Community and Youth",5266.0
1997,Actual,Defence,1001.0
1998,Actual,Defence,805.0
1999,Actual,Defence,1525.0
2000,Actual,Defence,1525.0
2001,Actual,Defence,1526.0
2002,Actual,Defence,1527.0
2003,Actual,Defence,1524.0
2004,Actual,Defence,1525.0
2005,Actual,Defence,1524.0
2006,Actual,Defence,1525.0
2007,Actual,Defence,1525.0
2008,Actual,Defence,1524.0
2009,Actual,Defence,1525.0
2010,Actual,Defence,283.0
2011,Actual,Defence,282.0
2012,Actual,Defence,282.0
2013,Actual,Defence,282.0
2014,Actual,Defence,282.0
2015,Actual,Defence,282.0
2016,Actual,Defence,282.0
2017,Actual,Defence,282.0
2018,Actual,Defence,282.0
2019,Actual,Defence,282.0
2020,Revised,Defence,282.0
2021,Estimated,Defence,282.0
1997,Actual,Education,41723.0
1998,Actual,Education,43731.0
1999,Actual,Education,45640.0
2000,Actual,Education,48933.0
2001,Actual,Education,49370.0
2002,Actual,Education,51128.0
2003,Actual,Education,51099.0
2004,Actual,Education,51462.0
2005,Actual,Education,52844.0
2006,Actual,Education,45745.0
2007,Actual,Education,46666.0
2008,Actual,Education,47737.0
2009,Actual,Education,51512.0
2010,Actual,Education,52278.0
2011,Actual,Education,53947.0
2012,Actual,Education,56106.0
2013,Actual,Education,56841.0
2014,Actual,Education,56707.0
2015,Actual,Education,56883.0
2016,Actual,Education,57117.0
2017,Actual,Education,56646.0
2018,Actual,Education,54529.0
2019,Actual,Education,53734.0
2020,Revised,Education,55503.0
2021,Estimated,Education,55008.0
1997,Actual,Finance,3437.0
1998,Actual,Finance,3893.0
1999,Actual,Finance,3944.0
2000,Actual,Finance,3569.0
2001,Actual,Finance,3900.0
2002,Actual,Finance,3614.0
2003,Actual,Finance,3044.0
2004,Actual,Finance,2649.0
2005,Actual,Finance,2529.0
2006,Actual,Finance,2750.0
2007,Actual,Finance,2906.0
2008,Actual,Finance,3074.0
2009,Actual,Finance,3260.0
2010,Actual,Finance,3409.0
2011,Actual,Finance,3452.0
2012,Actual,Finance,3547.0
2013,Actual,Finance,3594.0
2014,Actual,Finance,3645.0
2015,Actual,Finance,3688.0
2016,Actual,Finance,3798.0
2017,Actual,Finance,3777.0
2018,Actual,Finance,3719.0
2019,Actual,Finance,3779.0
2020,Revised,Finance,4068.0
2021,Estimated,Finance,4076.0
1997,Actual,Foreign Affairs,995.0
1998,Actual,Foreign Affairs,1048.0
1999,Actual,Foreign Affairs,1002.0
2000,Actual,Foreign Affairs,1062.0
2001,Actual,Foreign Affairs,1081.0
2002,Actual,Foreign Affairs,1082.0
2003,Actual,Foreign Affairs,1111.0
2004,Actual,Foreign Affairs,1074.0
2005,Actual,Foreign Affairs,1121.0
2006,Actual,Foreign Affairs,1138.0
2007,Actual,Foreign Affairs,1149.0
2008,Actual,Foreign Affairs,1178.0
2009,Actual,Foreign Affairs,1234.0
2010,Actual,Foreign Affairs,1249.0
2011,Actual,Foreign Affairs,1269.0
2012,Actual,Foreign Affairs,1343.0
2013,Actual,Foreign Affairs,1383.0
2014,Actual,Foreign Affairs,1430.0
2015,Actual,Foreign Affairs,1398.0
2016,Actual,Foreign Affairs,1425.0
2017,Actual,Foreign Affairs,1427.0
2018,Actual,Foreign Affairs,1430.0
2019,Actual,Foreign Affairs,1430.0
2020,Revised,Foreign Affairs,1630.0
2021,Estimated,Foreign Affairs,1659.0
1997,Actual,Health,5264.0
1998,Actual,Health,5052.0
1999,Actual,Health,4855.0
2000,Actual,Health,1670.0
2001,Actual,Health,948.0
2002,Actual,Health,939.0
2003,Actual,Health,1038.0
2004,Actual,Health,1125.0
2005,Actual,Health,1097.0
2006,Actual,Health,1115.0
2007,Actual,Health,1162.0
2008,Actual,Health,1175.0
2009,Actual,Health,1219.0
2010,Actual,Health,1349.0
2011,Actual,Health,1432.0
2012,Actual,Health,1457.0
2013,Actual,Health,1444.0
2014,Actual,Health,1476.0
2015,Actual,Health,1475.0
2016,Actual,Health,1483.0
2017,Actual,Health,1512.0
2018,Actual,Health,1619.0
2019,Actual,Health,1618.0
2020,Revised,Health,1698.0
2021,Estimated,Health,2386.0
1997,Actual,Home Affairs,16165.0
1998,Actual,Home Affairs,16847.0
1999,Actual,Home Affairs,18366.0
2000,Actual,Home Affairs,18135.0
2001,Actual,Home Affairs,18928.0
2002,Actual,Home Affairs,19373.0
2003,Actual,Home Affairs,20173.0
2004,Actual,Home Affairs,20965.0
2005,Actual,Home Affairs,20899.0
2006,Actual,Home Affairs,20510.0
2007,Actual,Home Affairs,20994.0
2008,Actual,Home Affairs,20808.0
2009,Actual,Home Affairs,22875.0
2010,Actual,Home Affairs,23324.0
2011,Actual,Home Affairs,23949.0
2012,Actual,Home Affairs,24460.0
2013,Actual,Home Affairs,25231.0
2014,Actual,Home Affairs,25904.0
2015,Actual,Home Affairs,26670.0
2016,Actual,Home Affairs,27402.0
2017,Actual,Home Affairs,27633.0
2018,Actual,Home Affairs,27757.0
2019,Actual,Home Affairs,27993.0
2020,Revised,Home Affairs,29755.0
2021,Estimated,Home Affairs,30042.0
1997,Actual,Judicature,677.0
1998,Actual,Judicature,699.0
1999,Actual,Judicature,752.0
2000,Actual,Judicature,739.0
2001,Actual,Judicature,707.0
2002,Actual,Judicature,678.0
2003,Actual,Judicature,716.0
2004,Actual,Judicature,571.0
2005,Actual,Judicature,540.0
2006,Actual,Judicature,513.0
2007,Actual,Judicature,537.0
2008,Actual,Judicature,566.0
2009,Actual,Judicature,616.0
2010,Actual,Judicature,638.0
2011,Actual,Judicature,700.0
2012,Actual,Judicature,749.0
2013,Actual,Judicature,803.0
2014,Actual,Judicature,834.0
2015,Actual,Judicature,894.0
2016,Actual,Judicature,907.0
2017,Actual,Judicature,975.0
2018,Actual,Judicature,1014.0
2019,Actual,Judicature,1006.0
2020,Revised,Judicature,1109.0
2021,Estimated,Judicature,1199.0
1997,Actual,Law,677.0
1998,Actual,Law,698.0
1999,Actual,Law,773.0
2000,Actual,Law,820.0
2001,Actual,Law,787.0
2002,Actual,Law,853.0
2003,Actual,Law,741.0
2004,Actual,Law,709.0
2005,Actual,Law,677.0
2006,Actual,Law,734.0
2007,Actual,Law,733.0
2008,Actual,Law,760.0
2009,Actual,Law,765.0
2010,Actual,Law,811.0
2011,Actual,Law,871.0
2012,Actual,Law,933.0
2013,Actual,Law,945.0
2014,Actual,Law,1044.0
2015,Actual,Law,1061.0
2016,Actual,Law,1086.0
2017,Actual,Law,1022.0
2018,Actual,Law,1024.0
2019,Actual,Law,1050.0
2020,Revised,Law,1096.0
2021,Estimated,Law,1096.0
1997,Actual,Manpower,588.0
1998,Actual,Manpower,776.0
1999,Actual,Manpower,970.0
2000,Actual,Manpower,1020.0
2001,Actual,Manpower,1069.0
2002,Actual,Manpower,1208.0
2003,Actual,Manpower,1277.0
2004,Actual,Manpower,1327.0
2005,Actual,Manpower,1397.0
2006,Actual,Manpower,1606.0
2007,Actual,Manpower,1701.0
2008,Actual,Manpower,1797.0
2009,Actual,Manpower,2037.0
2010,Actual,Manpower,2154.0
2011,Actual,Manpower,2194.0
2012,Actual,Manpower,2477.0
2013,Actual,Manpower,2531.0
2014,Actual,Manpower,2584.0
2015,Actual,Manpower,2629.0
2016,Actual,Manpower,2690.0
2017,Actual,Manpower,2204.0
2018,Actual,Manpower,2223.0
2019,Actual,Manpower,2186.0
2020,Revised,Manpower,4513.0
2021,Estimated,Manpower,4576.0
1997,Actual,National Development,11808.0
1998,Actual,National Development,11947.0
1999,Actual,National Development,10985.0
2000,Actual,National Development,10601.0
2001,Actual,National Development,10596.0
2002,Actual,National Development,10259.0
2003,Actual,National Development,7391.0
2004,Actual,National Development,7136.0
2005,Actual,National Development,6666.0
2006,Actual,National Development,6679.0
2007,Actual,National Development,6673.0
2008,Actual,National Development,6910.0
2009,Actual,National Development,7115.0
2010,Actual,National Development,7061.0
2011,Actual,National Development,7217.0
2012,Actual,National Development,7337.0
2013,Actual,National Development,8187.0
2014,Actual,National Development,8804.0
2015,Actual,National Development,8955.0
2016,Actual,National Development,9087.0
2017,Actual,National Development,9046.0
2018,Actual,National Development,8895.0
2019,Actual,National Development,8218.0
2020,Revised,National Development,8452.0
2021,Estimated,National Development,8452.0
1997,Actual,Parliament,39.0
1998,Actual,Parliament,41.0
1999,Actual,Parliament,47.0
2000,Actual,Parliament,48.0
2001,Actual,Parliament,53.0
2002,Actual,Parliament,55.0
2003,Actual,Parliament,54.0
2004,Actual,Parliament,48.0
2005,Actual,Parliament,52.0
2006,Actual,Parliament,50.0
2007,Actual,Parliament,46.0
2008,Actual,Parliament,44.0
2009,Actual,Parliament,42.0
2010,Actual,Parliament,45.0
2011,Actual,Parliament,46.0
2012,Actual,Parliament,47.0
2013,Actual,Parliament,48.0
2014,Actual,Parliament,47.0
2015,Actual,Parliament,47.0
2016,Actual,Parliament,47.0
2017,Actual,Parliament,47.0
2018,Actual,Parliament,52.0
2019,Actual,Parliament,51.0
2020,Revised,Parliament,65.0
2021,Estimated,Parliament,65.0
1997,Actual,Presidential Councils,6.0
1998,Actual,Presidential Councils,6.0
1999,Actual,Presidential Councils,6.0
2000,Actual,Presidential Councils,5.0
2001,Actual,Presidential Councils,7.0
2002,Actual,Presidential Councils,8.0
2003,Actual,Presidential Councils,8.0
2004,Actual,Presidential Councils,8.0
2005,Actual,Presidential Councils,8.0
2006,Actual,Presidential Councils,8.0
2007,Actual,Presidential Councils,8.0
2008,Actual,Presidential Councils,8.0
2009,Actual,Presidential Councils,8.0
2010,Actual,Presidential Councils,4.0
2011,Actual,Presidential Councils,4.0
2012,Actual,Presidential Councils,4.0
2013,Actual,Presidential Councils,4.0
2014,Actual,Presidential Councils,3.0
2015,Actual,Presidential Councils,3.0
2016,Actual,Presidential Councils,3.0
2017,Actual,Presidential Councils,3.0
2018,Actual,Presidential Councils,3.0
2019,Actual,Presidential Councils,3.0
2020,Revised,Presidential Councils,6.0
2021,Estimated,Presidential Councils,6.0
1997,Actual,Prime Minister's Office,573.0
1998,Actual,Prime Minister's Office,654.0
1999,Actual,Prime Minister's Office,528.0
2000,Actual,Prime Minister's Office,558.0
2001,Actual,Prime Minister's Office,421.0
2002,Actual,Prime Minister's Office,425.0
2003,Actual,Prime Minister's Office,421.0
2004,Actual,Prime Minister's Office,415.0
2005,Actual,Prime Minister's Office,450.0
2006,Actual,Prime Minister's Office,475.0
2007,Actual,Prime Minister's Office,468.0
2008,Actual,Prime Minister's Office,512.0
2009,Actual,Prime Minister's Office,525.0
2010,Actual,Prime Minister's Office,613.0
2011,Actual,Prime Minister's Office,740.0
2012,Actual,Prime Minister's Office,809.0
2013,Actual,Prime Minister's Office,913.0
2014,Actual,Prime Minister's Office,1056.0
2015,Actual,Prime Minister's Office,1090.5
2016,Actual,Prime Minister's Office,1098.0
2017,Actual,Prime Minister's Office,2930.0
2018,Actual,Prime Minister's Office,3106.0
2019,Actual,Prime Minister's Office,3541.0
2020,Revised,Prime Minister's Office,4675.0
2021,Estimated,Prime Minister's Office,4863.0
1997,Actual,Public Service Commission,13.0
1998,Actual,Public Service Commission,8.0
1999,Actual,Public Service Commission,8.0
2000,Actual,Public Service Commission,9.0
2001,Actual,Public Service Commission,8.0
2002,Actual,Public Service Commission,9.0
2003,Actual,Public Service Commission,8.0
2004,Actual,Public Service Commission,9.0
2005,Actual,Public Service Commission,9.0
2006,Actual,Public Service Commission,9.0
2007,Actual,Public Service Commission,10.0
2008,Actual,Public Service Commission,9.0
2009,Actual,Public Service Commission,12.0
2010,Actual,Public Service Commission,13.0
2011,Actual,Public Service Commission,13.0
2012,Actual,Public Service Commission,13.0
2013,Actual,Public Service Commission,13.0
2014,Actual,Public Service Commission,13.0
2015,Actual,Public Service Commission,13.0
2016,Actual,Public Service Commission,13.0
2017,Actual,Public Service Commission,13.0
2018,Actual,Public Service Commission,13.0
2019,Actual,Public Service Commission,13.0
2020,Revised,Public Service Commission,12.0
2021,Estimated,Public Service Commission,15.0
1997,Actual,Social and Family Development,3356.0
1998,Actual,Social and Family Development,3448.0
1999,Actual,Social and Family Development,3568.0
2000,Actual,Social and Family Development,3968.0
2001,Actual,Social and Family Development,4054.0
2002,Actual,Social and Family Development,4194.0
2003,Actual,Social and Family Development,4009.0
2004,Actual,Social and Family Development,3719.0
2005,Actual,Social and Family Development,3709.0
2006,Actual,Social and Family Development,3708.0
2007,Actual,Social and Family Development,3760.0
2008,Actual,Social and Family Development,4190.0
2009,Actual,Social and Family Development,4424.0
2010,Actual,Social and Family Development,4835.0
2011,Actual,Social and Family Development,4757.0
2012,Actual,Social and Family Development,1117.0
2013,Actual,Social and Family Development,1571.0
2014,Actual,Social and Family Development,1581.0
2015,Actual,Social and Family Development,1700.0
2016,Actual,Social and Family Development,1756.0
2017,Actual,Social and Family Development,1730.0
2018,Actual,Social and Family Development,1804.0
2019,Actual,Social and Family Development,1875.0
2020,Revised,Social and Family Development,2286.0
2021,Estimated,Social and Family Development,2286.0
1997,Actual,Sustainability and the Environment,5478.0
1998,Actual,Sustainability and the Environment,5472.0
1999,Actual,Sustainability and the Environment,5449.0
2000,Actual,Sustainability and the Environment,4958.0
2001,Actual,Sustainability and the Environment,4751.0
2002,Actual,Sustainability and the Environment,4757.0
2003,Actual,Sustainability and the Environment,4500.0
2004,Actual,Sustainability and the Environment,4501.0
2005,Actual,Sustainability and the Environment,3817.0
2006,Actual,Sustainability and the Environment,3350.0
2007,Actual,Sustainability and the Environment,3485.0
2008,Actual,Sustainability and the Environment,3711.0
2009,Actual,Sustainability and the Environment,3696.0
2010,Actual,Sustainability and the Environment,3995.0
2011,Actual,Sustainability and the Environment,4076.0
2012,Actual,Sustainability and the Environment,4508.0
2013,Actual,Sustainability and the Environment,4522.0
2014,Actual,Sustainability and the Environment,4400.0
2015,Actual,Sustainability and the Environment,4478.0
2016,Actual,Sustainability and the Environment,4495.0
2017,Actual,Sustainability and the Environment,4537.0
2018,Actual,Sustainability and the Environment,4459.0
2019,Actual,Sustainability and the Environment,5363.0
2020,Revised,Sustainability and the Environment,5799.0
2021,Estimated,Sustainability and the Environment,5803.0
1997,Actual,Trade and Industry,1777.0
1998,Actual,Trade and Industry,2027.0
1999,Actual,Trade and Industry,2097.0
2000,Actual,Trade and Industry,1970.0
2001,Actual,Trade and Industry,2487.0
2002,Actual,Trade and Industry,2545.0
2003,Actual,Trade and Industry,2503.0
2004,Actual,Trade and Industry,2491.0
2005,Actual,Trade and Industry,2544.0
2006,Actual,Trade and Industry,2539.0
2007,Actual,Trade and Industry,2607.0
2008,Actual,Trade and Industry,2636.0
2009,Actual,Trade and Industry,2795.0
2010,Actual,Trade and Industry,2664.0
2011,Actual,Trade and Industry,2931.0
2012,Actual,Trade and Industry,2874.0
2013,Actual,Trade and Industry,3067.0
2014,Actual,Trade and Industry,2829.0
2015,Actual,Trade and Industry,3000.0
2016,Actual,Trade and Industry,3019.0
2017,Actual,Trade and Industry,3069.0
2018,Actual,Trade and Industry,3134.0
2019,Actual,Trade and Industry,3137.0
2020,Revised,Trade and Industry,3565.0
2021,Estimated,Trade and Industry,3835.0
1997,Actual,Transport,2144.0
1998,Actual,Transport,2766.0
1999,Actual,Transport,3230.0
2000,Actual,Transport,3977.0
2001,Actual,Transport,3822.0
2002,Actual,Transport,3756.0
2003,Actual,Transport,3776.0
2004,Actual,Transport,3623.0
2005,Actual,Transport,3534.0
2006,Actual,Transport,3520.0
2007,Actual,Transport,3547.0
2008,Actual,Transport,3753.0
2009,Actual,Transport,4204.0
2010,Actual,Transport,4233.0
2011,Actual,Transport,4394.0
2012,Actual,Transport,4611.0
2013,Actual,Transport,5203.0
2014,Actual,Transport,5440.0
2015,Actual,Transport,5951.0
2016,Actual,Transport,6243.0
2017,Actual,Transport,6556.0
2018,Actual,Transport,6997.0
2019,Actual,Transport,6988.0
2020,Revised,Transport,7221.0
2021,Estimated,Transport,7217.0
